CID;Descrição CID;Classificação Final (2025)
C00;Neoplasia maligna do lábio;CR Tumores da Cabeça e Pescoço
C000;Neoplasia maligna do lábio superior externo;CR Tumores da Cabeça e Pescoço
C001;Neoplasia maligna do lábio inferior externo;CR Tumores da Cabeça e Pescoço
C002;Neoplasia maligna do lábio externo, não especificado;CR Tumores da Cabeça e Pescoço
C003;Neoplasia maligna do lábio superior, face interna;CR Tumores da Cabeça e Pescoço
C004;Neoplasia maligna do lábio inferior, face interna;CR Tumores da Cabeça e Pescoço
C005;Neoplasia maligna do lábio, sem especificação, face interna;CR Tumores da Cabeça e Pescoço
C006;Neoplasia maligna da comissura labial;CR Tumores da Cabeça e Pescoço
C008;Neoplasia maligna do lábio com lesão invasiva;CR Tumores da Cabeça e Pescoço
C009;Neoplasia maligna do lábio, não especificado;CR Tumores da Cabeça e Pescoço
C01;Neoplasia maligna da base da língua;CR Tumores da Cabeça e Pescoço
C02;Neoplasia maligna de outras partes e de partes não especificadas da língua;CR Tumores da Cabeça e Pescoço
C020;Neoplasia maligna da face dorsal da língua;CR Tumores da Cabeça e Pescoço
C021;Neoplasia maligna da borda da língua;CR Tumores da Cabeça e Pescoço
C022;Neoplasia maligna da face ventral da língua;CR Tumores da Cabeça e Pescoço
C023;Neoplasia maligna de dois terços anteriores da língua, parte não especificada;CR Tumores da Cabeça e Pescoço
C024;Neoplasia maligna da amígdala lingual;CR Tumores da Cabeça e Pescoço
C028;Neoplasia maligna da língua com lesão invasiva;CR Tumores da Cabeça e Pescoço
C029;Neoplasia maligna da língua, não especificada;CR Tumores da Cabeça e Pescoço
C03;Neoplasia maligna da gengiva;CR Tumores da Cabeça e Pescoço
C030;Neoplasia maligna da gengiva superior;CR Tumores da Cabeça e Pescoço
C031;Neoplasia maligna da gengiva inferior;CR Tumores da Cabeça e Pescoço
C039;Neoplasia maligna da gengiva, não especificada;CR Tumores da Cabeça e Pescoço
C04;Neoplasia maligna do assoalho da boca;CR Tumores da Cabeça e Pescoço
C040;Neoplasia maligna do assoalho anterior da boca;CR Tumores da Cabeça e Pescoço
C041;Neoplasia maligna do assoalho lateral da boca;CR Tumores da Cabeça e Pescoço
C048;Neoplasia maligna do assoalho da boca com lesão invasiva;CR Tumores da Cabeça e Pescoço
C049;Neoplasia maligna do assoalho da boca, não especificado;CR Tumores da Cabeça e Pescoço
C05;Neoplasia maligna do palato;CR Tumores da Cabeça e Pescoço
C050;Neoplasia maligna do palato duro;CR Tumores da Cabeça e Pescoço
C051;Neoplasia maligna do palato mole;CR Tumores da Cabeça e Pescoço
C052;Neoplasia maligna da úvula;CR Tumores da Cabeça e Pescoço
C058;Neoplasia maligna do palato com lesão invasiva;CR Tumores da Cabeça e Pescoço
C059;Neoplasia maligna do palato, não especificado;CR Tumores da Cabeça e Pescoço
C06;Neoplasia maligna de outras partes e de partes não especificadas da boca;CR Tumores da Cabeça e Pescoço
C060;Neoplasia maligna da mucosa oral;CR Tumores da Cabeça e Pescoço
C061;Neoplasia maligna do vestíbulo da boca;CR Tumores da Cabeça e Pescoço
C062;Neoplasia maligna da área retromolar;CR Tumores da Cabeça e Pescoço
C068;Neoplasia maligna de outras partes e de partes não especificadas da boca com lesão invasiva;CR Tumores da Cabeça e Pescoço
C069;Neoplasia maligna da boca, não especificada;CR Tumores da Cabeça e Pescoço
C07;Neoplasia maligna da glândula parótida;CR Tumores da Cabeça e Pescoço
C08;Neoplasia maligna de outras glândulas salivares maiores e as não especificadas;CR Tumores da Cabeça e Pescoço
C080;Neoplasia maligna da glândula submandibular;CR Tumores da Cabeça e Pescoço
C081;Neoplasia maligna da glândula sublingual;CR Tumores da Cabeça e Pescoço
C088;Neoplasia maligna das glândulas salivares maiores com lesão invasiva;CR Tumores da Cabeça e Pescoço
C089;Neoplasia maligna da glândula salivar maior, não especificada;CR Tumores da Cabeça e Pescoço
C09;Neoplasia maligna da amígdala;CR Tumores da Cabeça e Pescoço
C090;Neoplasia maligna da fossa amigdaliana;CR Tumores da Cabeça e Pescoço
C091;Neoplasia maligna do pilar amigdaliano (anterior) (posterior);CR Tumores da Cabeça e Pescoço
C098;Neoplasia maligna da amígdala com lesão invasiva;CR Tumores da Cabeça e Pescoço
C099;Neoplasia maligna da amígdala, não especificada;CR Tumores da Cabeça e Pescoço
C10;Neoplasia maligna da orofaringe;CR Tumores da Cabeça e Pescoço
C100;Neoplasia maligna da valécula;CR Tumores da Cabeça e Pescoço
C101;Neoplasia maligna da face anterior da epiglote;CR Tumores da Cabeça e Pescoço
C102;Neoplasia maligna da parede lateral da orofaringe;CR Tumores da Cabeça e Pescoço
C103;Neoplasia maligna da parede posterior da orofaringe;CR Tumores da Cabeça e Pescoço
C104;Neoplasia maligna da fenda branquial;CR Tumores da Cabeça e Pescoço
C108;Neoplasia maligna da orofaringe com lesão invasiva;CR Tumores da Cabeça e Pescoço
C109;Neoplasia maligna da orofaringe, não especificada;CR Tumores da Cabeça e Pescoço
C11;Neoplasia maligna da nasofaringe;CR Tumores da Cabeça e Pescoço
C110;Neoplasia maligna da parede superior da nasofaringe;CR Tumores da Cabeça e Pescoço
C111;Neoplasia maligna da parede posterior da nasofaringe;CR Tumores da Cabeça e Pescoço
C112;Neoplasia maligna da parede lateral da nasofaringe;CR Tumores da Cabeça e Pescoço
C113;Neoplasia maligna da parede anterior da nasofaringe;CR Tumores da Cabeça e Pescoço
C118;Neoplasia maligna da nasofaringe com lesão invasiva;CR Tumores da Cabeça e Pescoço
C119;Neoplasia maligna da nasofaringe, não especificada;CR Tumores da Cabeça e Pescoço
C12;Neoplasia maligna do seio piriforme;CR Tumores da Cabeça e Pescoço
C13;Neoplasia maligna da hipofaringe;CR Tumores da Cabeça e Pescoço
C130;Neoplasia maligna da região pós-cricóidea;CR Tumores da Cabeça e Pescoço
C131;Neoplasia maligna da prega ariepiglótica, face hipofaríngea;CR Tumores da Cabeça e Pescoço
C132;Neoplasia maligna da parede posterior da hipofaringe;CR Tumores da Cabeça e Pescoço
C138;Neoplasia maligna da hipofaringe com lesão invasiva;CR Tumores da Cabeça e Pescoço
C139;Neoplasia maligna da hipofaringe, não especificada;CR Tumores da Cabeça e Pescoço
C14;Neoplasia maligna de outras localizações e de localizações mal definida, do lábio, cavidade oral e faringe;CR Tumores da Cabeça e Pescoço
C140;Neoplasia maligna da faringe, não especificada;CR Tumores da Cabeça e Pescoço
C142;Neoplasia maligna do anel de Waldeyer;CR Tumores da Cabeça e Pescoço
C148;Neoplasia maligna do lábio, cavidade oral e faringe com lesão invasiva;CR Tumores da Cabeça e Pescoço
C15;Neoplasia maligna do esôfago;CR Tumores do Aparelho Digestivo Alto
C150;Neoplasia maligna da porção cervical do esôfago (esôfago cervical);CR Tumores do Aparelho Digestivo Alto
C151;Neoplasia maligna da porção torácica do esôfago (esôfago torácico);CR Tumores do Aparelho Digestivo Alto
C152;Neoplasia maligna da porção abdominal do esôfago (esôfago abdominal);CR Tumores do Aparelho Digestivo Alto
C153;Neoplasia maligna do terço superior do esôfago;CR Tumores do Aparelho Digestivo Alto
C154;Neoplasia maligna do terço médio do esôfago;CR Tumores do Aparelho Digestivo Alto
C155;Neoplasia maligna do terço inferior do esôfago;CR Tumores do Aparelho Digestivo Alto
C158;Neoplasia maligna do esôfago com lesão invasiva;CR Tumores do Aparelho Digestivo Alto
C159;Neoplasia maligna do esôfago, não especificado;CR Tumores do Aparelho Digestivo Alto
C16;Neoplasia maligna do estômago;CR Tumores do Aparelho Digestivo Alto
C160;Neoplasia maligna da cárdia;CR Tumores do Aparelho Digestivo Alto
C161;Neoplasia maligna do fundo do estômago;CR Tumores do Aparelho Digestivo Alto
C162;Neoplasia maligna do corpo do estômago;CR Tumores do Aparelho Digestivo Alto
C163;Neoplasia maligna do antro pilórico;CR Tumores do Aparelho Digestivo Alto
C164;Neoplasia maligna do piloro;CR Tumores do Aparelho Digestivo Alto
C165;Neoplasia maligna da pequena curvatura do estômago, não especificada;CR Tumores do Aparelho Digestivo Alto
C166;Neoplasia maligna da grande curvatura do estômago, não especificada;CR Tumores do Aparelho Digestivo Alto
C168;Neoplasia maligna do estômago com lesão invasiva;CR Tumores do Aparelho Digestivo Alto
C169;Neoplasia maligna do estômago, não especificado;CR Tumores do Aparelho Digestivo Alto
C17;Neoplasia maligna do intestino delgado;CR Tumores do Aparelho Digestivo Alto
C170;Neoplasia maligna do duodeno;CR Tumores do Aparelho Digestivo Alto
C171;Neoplasia maligna do jejuno;CR Tumores do Aparelho Digestivo Alto
C172;Neoplasia maligna do íleo;CR Tumores do Aparelho Digestivo Alto
C173;Neoplasia maligna do divertículo de Meckel;CR Tumores do Aparelho Digestivo Alto
C178;Neoplasia maligna do intestino delgado com lesão invasiva;CR Tumores do Aparelho Digestivo Alto
C179;Neoplasia maligna do intestino delgado, não especificado;CR Tumores do Aparelho Digestivo Alto
C18;Neoplasia maligna do cólon;CR Tumores Colorretais
C180;Neoplasia maligna do ceco;CR Tumores Colorretais
C181;Neoplasia maligna do apêndice (vermiforme);CR Tumores Colorretais
C182;Neoplasia maligna do cólon ascendente;CR Tumores Colorretais
C183;Neoplasia maligna da flexura (ângulo) hepática(o);CR Tumores Colorretais
C184;Neoplasia maligna do cólon transverso;CR Tumores Colorretais
C185;Neoplasia maligna da flexura (ângulo) esplênica(o);CR Tumores Colorretais
C186;Neoplasia maligna do cólon descendente;CR Tumores Colorretais
C187;Neoplasia maligna do cólon sigmóide;CR Tumores Colorretais
C188;Neoplasia maligna do cólon com lesão invasiva;CR Tumores Colorretais
C189;Neoplasia maligna do cólon, não especificado;CR Tumores Colorretais
C19;Neoplasia maligna da junção retossigmóide;CR Tumores Colorretais
C20;Neoplasia maligna do reto;CR Tumores Colorretais
C21;Neoplasia maligna do ânus e do canal anal;CR Tumores Colorretais
C210;Neoplasia maligna do ânus, não especificado;CR Tumores Colorretais
C211;Neoplasia maligna do canal anal;CR Tumores Colorretais
C212;Neoplasia maligna da zona cloacogênica;CR Tumores Colorretais
C218;Neoplasia maligna do reto, ânus e do canal anal com lesão invasiva;CR Tumores Colorretais
C22;Neoplasia maligna do fígado e das vias biliares intra-hepáticas;CR Tumores do Aparelho Digestivo Alto
C220;Carcinoma de células hepáticas;CR Tumores do Aparelho Digestivo Alto
C221;Carcinoma de vias biliares intra-hepáticas;CR Tumores do Aparelho Digestivo Alto
C222;Hepatoblastoma;CR Tumores do Aparelho Digestivo Alto
C223;Angiossarcoma do fígado;CR Tumores do Aparelho Digestivo Alto
C224;Outros sarcomas do fígado;CR Tumores do Aparelho Digestivo Alto
C227;Outros carcinomas especificados do fígado;CR Tumores do Aparelho Digestivo Alto
C229;Neoplasia maligna do fígado, não especificada;CR Tumores do Aparelho Digestivo Alto
C23;Neoplasia maligna da vesícula biliar;CR Tumores do Aparelho Digestivo Alto
C24;Neoplasia maligna de outras partes, e de partes não especificadas das vias biliares;CR Tumores do Aparelho Digestivo Alto
C240;Neoplasia maligna das vias biliares extra-hepáticas;CR Tumores do Aparelho Digestivo Alto
C241;Neoplasia maligna da ampola de Vater;CR Tumores do Aparelho Digestivo Alto
C248;Neoplasia maligna das vias biliares com lesão invasiva;CR Tumores do Aparelho Digestivo Alto
C249;Neoplasia maligna da via biliar, não especificada;CR Tumores do Aparelho Digestivo Alto
C25;Neoplasia maligna do pâncreas;CR Tumores do Aparelho Digestivo Alto
C250;Neoplasia maligna da cabeça do pâncreas;CR Tumores do Aparelho Digestivo Alto
C251;Neoplasia maligna do corpo do pâncreas;CR Tumores do Aparelho Digestivo Alto
C252;Neoplasia maligna da cauda do pâncreas;CR Tumores do Aparelho Digestivo Alto
C253;Neoplasia maligna do canal pancreático;CR Tumores do Aparelho Digestivo Alto
C254;Neoplasia maligna do pâncreas endócrino;CR Tumores do Aparelho Digestivo Alto
C257;Neoplasia maligna de outras partes do pâncreas;CR Tumores do Aparelho Digestivo Alto
C258;Neoplasia maligna do pâncreas com lesão invasiva;CR Tumores do Aparelho Digestivo Alto
C259;Neoplasia maligna do pâncreas, não especificado;CR Tumores do Aparelho Digestivo Alto
C26;Neoplasia maligna de outros órgãos digestivos e de localizações mal definidas no aparelho digestivo;CR Tumores do Aparelho Digestivo Alto
C260;Neoplasia maligna do trato intestinal, parte não especificada;CR Tumores do Aparelho Digestivo Alto
C261;Neoplasia maligna do baço;CR Tumores do Aparelho Digestivo Alto
C268;Neoplasia maligna do aparelho digestivo com lesão invasiva;CR Tumores do Aparelho Digestivo Alto
C269;Neoplasia maligna de localizações mal definidas dentro do aparelho digestivo;CR Tumores do Aparelho Digestivo Alto
C30;Neoplasia maligna da cavidade nasal e do ouvido médio;CR Tumores da Cabeça e Pescoço
C300;Neoplasia maligna da cavidade nasal;CR Tumores da Cabeça e Pescoço
C301;Neoplasia maligna do ouvido médio;CR Tumores da Cabeça e Pescoço
C31;Neoplasia maligna dos seios da face;CR Tumores da Cabeça e Pescoço
C310;Neoplasia maligna do seio maxilar;CR Tumores da Cabeça e Pescoço
C311;Neoplasia maligna do seio etmoidal;CR Tumores da Cabeça e Pescoço
C312;Neoplasia maligna do seio frontal;CR Tumores da Cabeça e Pescoço
C313;Neoplasia maligna do seio esfenoidal;CR Tumores da Cabeça e Pescoço
C318;Neoplasia maligna dos seios da face com lesão invasiva;CR Tumores da Cabeça e Pescoço
C319;Neoplasia maligna do seio da face, não especificado;CR Tumores da Cabeça e Pescoço
C32;Neoplasia maligna da laringe;CR Tumores da Cabeça e Pescoço
C320;Neoplasia maligna da glote;CR Tumores da Cabeça e Pescoço
C321;Neoplasia maligna da região supraglótica;CR Tumores da Cabeça e Pescoço
C322;Neoplasia maligna da região subglótica;CR Tumores da Cabeça e Pescoço
C323;Neoplasia maligna das cartilagens da laringe;CR Tumores da Cabeça e Pescoço
C328;Neoplasia maligna da laringe com lesão invasiva;CR Tumores da Cabeça e Pescoço
C329;Neoplasia maligna da laringe, não especificada;CR Tumores da Cabeça e Pescoço
C33;Neoplasia maligna da traqueia;CR Tumores do Pulmão e Tórax
C34;Neoplasia maligna do brônquio e do pulmão;CR Tumores do Pulmão e Tórax
C340;Neoplasia maligna do brônquio principal, lado direito;CR Tumores do Pulmão e Tórax
C341;Neoplasia maligna do brônquio principal, lado esquerdo;CR Tumores do Pulmão e Tórax
C342;Neoplasia maligna dos brônquios lobares, lado direito;CR Tumores do Pulmão e Tórax
C343;Neoplasia maligna dos brônquios lobares, lado esquerdo;CR Tumores do Pulmão e Tórax
C348;Neoplasia maligna de outras partes e de partes não especificadas do brônquio e pulmão;CR Tumores do Pulmão e Tórax
C349;Neoplasia maligna do brônquio e do pulmão, não especificada;CR Tumores do Pulmão e Tórax
C37;Neoplasia maligna da glândula timo;CR Tumores do Pulmão e Tórax
C38;Neoplasia maligna do coração, mediastino e pleura (tumores germinativos primarios de mediastino);CR Tumores do Pulmão e Tórax
C380;Neoplasia maligna do coração (tumores germinativos primarios de mediastino);CR Tumores do Pulmão e Tórax
C381;Neoplasia maligna do mediastino anterior (tumores germinativos primarios de mediastino);CR Tumores do Pulmão e Tórax
C382;Neoplasia maligna do mediastino posterior (tumores germinativos primarios de mediastino);CR Tumores do Pulmão e Tórax
C383;Neoplasia maligna do mediastino, porção não especificada (tumores germinativos primarios de mediastino);CR Tumores do Pulmão e Tórax
C384;Neoplasia maligna da pleura;CR Tumores do Pulmão e Tórax
C388;Neoplasia maligna do coração, mediastino e pleura com lesão invasiva (tumores germinativos primarios de mediastino);CR Tumores do Pulmão e Tórax
C39;Neoplasia maligna de outras localizações e de localizações mal definidas do aparelho respiratório e dos órgãos intratorácicos;CR Tumores do Pulmão e Tórax
C390;Neoplasia maligna do trato respiratório superior, porção não especificada;CR Tumores do Pulmão e Tórax
C398;Neoplasia maligna do aparelho respiratório e dos órgãos intratorácicos com lesão invasiva;CR Tumores do Pulmão e Tórax
C399;Neoplasia maligna de localizações mal definidas do aparelho respiratório;CR Tumores do Pulmão e Tórax
C40;Neoplasia maligna dos ossos e cartilagens articulares dos membros;CR Sarcomas e Tumores Ósseos
C400;Neoplasia maligna da omoplata [escápula] e ossos longos dos membros superiores;CR Sarcomas e Tumores Ósseos
C401;Neoplasia maligna dos ossos curtos dos membros superiores;CR Sarcomas e Tumores Ósseos
C402;Neoplasia maligna dos ossos longos dos membros inferiores;CR Sarcomas e Tumores Ósseos
C403;Neoplasia maligna dos ossos curtos dos membros inferiores;CR Sarcomas e Tumores Ósseos
C408;Neoplasia maligna dos ossos e cartilagens articulares dos membros com lesão invasiva;CR Sarcomas e Tumores Ósseos
C409;Neoplasia maligna dos ossos e cartilagens articulares de membro não especificado;CR Sarcomas e Tumores Ósseos
C41;Neoplasia maligna dos ossos e das cartilagens articulares de outras localizações e de localizações não especificadas;CR Sarcomas e Tumores Ósseos
C410;Neoplasia maligna dos ossos do crânio e da face;CR Tumores da Cabeça e Pescoço
C411;Neoplasia maligna da mandíbula;CR Tumores da Cabeça e Pescoço
C412;Neoplasia maligna da coluna vertebral ;CR Sarcomas e Tumores ósseos
C413;Neoplasia maligna das costelas, esterno e clavícula;CR Sarcomas e Tumores Ósseos
C414;Neoplasia maligna dos ossos da pelve, sacro e cóccix;CR Sarcomas e Tumores Ósseos
C418;Neoplasia maligna dos ossos e das cartilagens articulares com lesão invasiva;CR Sarcomas e Tumores Ósseos
C419;Neoplasia maligna dos ossos e cartilagens articulares, não especificados;CR Sarcomas e Tumores Ósseos
C43;Melanoma maligno da pele;CR Tumores Cutâneos
C430;Melanoma maligno do lábio;CR Tumores Cutâneos
C431;Melanoma maligno da pálpebra, incluindo as comissuras palpebrais;CR Tumores Cutâneos
C432;Melanoma maligno da orelha e do conduto auditivo externo;CR Tumores Cutâneos
C433;Melanoma maligno de outras partes e partes não especificadas da face;CR Tumores Cutâneos
C434;Melanoma maligno do couro cabeludo e do pescoço;CR Tumores Cutâneos
C435;Melanoma maligno do tronco;CR Tumores Cutâneos
C436;Melanoma maligno do membro superior, incluindo ombro;CR Tumores Cutâneos
C437;Melanoma maligno do membro inferior, incluindo quadril;CR Tumores Cutâneos
C438;Melanoma maligno invasivo da pele;CR Tumores Cutâneos
C439;Melanoma maligno de pele, não especificado;CR Tumores Cutâneos
C44;Outras neoplasias malignas da pele;CR Tumores Cutâneos
C440;Neoplasia maligna da pele do lábio;CR Tumores Cutâneos
C441;Neoplasia maligna da pele da pálpebra, incluindo o canto;CR Tumores Cutâneos
C442;Neoplasia maligna da pele da orelha e do conduto auditivo externo;CR Tumores Cutâneos
C443;Neoplasia maligna da pele de outras e não especificadas partes da face;CR Tumores Cutâneos
C444;Neoplasia maligna da pele do couro cabeludo e do pescoço;CR Tumores Cutâneos
C445;Neoplasia maligna da pele do tronco;CR Tumores Cutâneos
C446;Neoplasia maligna da pele do membro superior, incluindo ombro;CR Tumores Cutâneos
C447;Neoplasia maligna da pele do membro inferior, incluindo quadril;CR Tumores Cutâneos
C448;Neoplasia maligna da pele com lesão invasiva;CR Tumores Cutâneos
C449;Neoplasia maligna da pele, não especificada;CR Tumores Cutâneos
C45;Mesotelioma;CR Tumores do Pulmão e Tórax
C450;Mesotelioma da pleura;CR Tumores do Pulmão e Tórax
C451;Mesotelioma do peritônio;CR Tumores do Pulmão e Tórax
C452;Mesotelioma do pericárdio;CR Tumores do Pulmão e Tórax
C457;Mesotelioma de outras localizações;CR Tumores do Pulmão e Tórax
C459;Mesotelioma, não especificado;CR Tumores do Pulmão e Tórax
C46;Sarcoma de Kaposi;CR Sarcomas e Tumores Ósseos
C460;Sarcoma de Kaposi da pele;CR Tumores Cutâneos
C461;Sarcoma de Kaposi de tecidos moles;CR Sarcomas e Tumores Ósseos
C462;Sarcoma de Kaposi do palato;CR Sarcomas e Tumores Ósseos
C463;Sarcoma de Kaposi dos gânglios linfáticos;CR Sarcomas e Tumores Ósseos
C467;Sarcoma de Kaposi de outras localizações;CR Sarcomas e Tumores Ósseos
C468;Sarcoma de Kaposi de múltiplos órgãos;CR Sarcomas e Tumores Ósseos
C469;Sarcoma de Kaposi, não especificado;CR Sarcomas e Tumores Ósseos
C47;Neoplasia maligna dos nervos periféricos e do sistema nervoso autônomo;CR Tumores do Sistema Nervoso Central
C470;Neoplasia maligna dos nervos periféricos da cabeça, face e pescoço;CR Tumores do Sistema Nervoso Central
C471;Neoplasia maligna dos nervos periféricos dos membros superiores, incluindo ombro;CR Tumores do Sistema Nervoso Central
C472;Neoplasia maligna dos nervos periféricos dos membros inferiores, incluindo quadril;CR Tumores do Sistema Nervoso Central
C473;Neoplasia maligna dos nervos periféricos do tórax;CR Tumores do Sistema Nervoso Central
C474;Neoplasia maligna dos nervos periféricos do abdome;CR Tumores do Sistema Nervoso Central
C475;Neoplasia maligna dos nervos periféricos da pelve;CR Tumores do Sistema Nervoso Central
C476;Neoplasia maligna dos nervos periféricos do tronco;CR Tumores do Sistema Nervoso Central
C478;Neoplasia maligna dos nervos periféricos e do sistema nervoso autônomo com lesão invasiva;CR Tumores do Sistema Nervoso Central
C479;Neoplasia maligna dos nervos periféricos e sistema nervoso autônomo, não especificados;CR Tumores do Sistema Nervoso Central
C48;Neoplasia maligna dos tecidos moles do retroperitônio e do peritônio (tipo histológico de tumores germinativos);CR Sarcomas e Tumores Ósseos
C480;Neoplasia maligna do retroperitônio (tipo histológico de tumores germinativos);CR Sarcomas e Tumores Ósseos
C481;Neoplasia maligna de partes especificadas do peritônio;CR Sarcomas e Tumores Ósseos
C482;Neoplasia maligna do peritônio;CR Sarcomas e Tumores Ósseos
C488;Neoplasia maligna dos tecidos moles do retroperitônio e do peritônio com lesão invasiva(tipo histológico de tumores germinativos);CR Sarcomas e Tumores Ósseos
C49;Neoplasia Maligna do Tecido Conjuntivo e de Outros Tecidos Moles;CR Sarcomas e Tumores Ósseos
C490;Neoplasia maligna do tecido conjuntivo e tecidos moles da cabeça, face e pescoço;CR Sarcomas e Tumores Ósseos
C491;Neoplasia maligna do tecido conjuntivo e tecidos moles dos membros superiores, incluindo ombro;CR Sarcomas e Tumores Ósseos
C492;Neoplasia maligna do tecido conjuntivo e tecidos moles dos membros inferiores, incluindo quadril;CR Sarcomas e Tumores Ósseos
C493;Neoplasia maligna do tecido conjuntivo e tecidos moles do tórax;CR Sarcomas e Tumores Ósseos
C494;Neoplasia maligna do tecido conjuntivo e tecidos moles do abdome;CR Sarcomas e Tumores Ósseos
C495;Neoplasia maligna do tecido conjuntivo e tecidos moles da pelve;CR Sarcomas e Tumores Ósseos
C496;Neoplasia maligna do tecido conjuntivo e tecidos moles do tronco;CR Sarcomas e Tumores Ósseos
C498;Neoplasia maligna do tecido conjuntivo e dos tecidos moles com lesão invasiva;CR Sarcomas e Tumores Ósseos
C499;Neoplasia maligna do tecido conjuntivo e tecidos moles, não especificados;CR Sarcomas e Tumores Ósseos
C50;Neoplasia maligna da mama;CR Tumores da Mama
C500;Neoplasia maligna do mamilo e aréola;CR Tumores da Mama
C501;Neoplasia maligna da porção central da mama;CR Tumores da Mama
C502;Neoplasia maligna do quadrante superior interno da mama;CR Tumores da Mama
C503;Neoplasia maligna do quadrante inferior interno da mama;CR Tumores da Mama
C504;Neoplasia maligna do quadrante superior externo da mama;CR Tumores da Mama
C505;Neoplasia maligna do quadrante inferior externo da mama;CR Tumores da Mama
C506;Neoplasia maligna da porção axilar da mama;CR Tumores da Mama
C508;Neoplasia maligna da mama com lesão invasiva;CR Tumores da Mama
C509;Neoplasia maligna da mama, não especificada;CR Tumores da Mama
C51;Neoplasia maligna da vulva;CR Tumores Ginecológicos
C510;Neoplasia maligna dos grandes lábios;CR Tumores Ginecológicos
C511;Neoplasia maligna dos pequenos lábios;CR Tumores Ginecológicos
C512;Neoplasia maligna do clitóris;CR Tumores Ginecológicos
C518;Neoplasia maligna da vulva com lesão invasiva;CR Tumores Ginecológicos
C519;Neoplasia maligna da vulva, não especificada;CR Tumores Ginecológicos
C52;Neoplasia maligna da vagina;CR Tumores Ginecológicos
C53;Neoplasia maligna do colo do útero;CR Tumores Ginecológicos
C530;Neoplasia maligna do endocérvix;CR Tumores Ginecológicos
C531;Neoplasia maligna do exocérvix;CR Tumores Ginecológicos
C538;Neoplasia maligna do colo do útero com lesão invasiva;CR Tumores Ginecológicos
C539;Neoplasia maligna do colo do útero, não especificado;CR Tumores Ginecológicos
C54;Neoplasia maligna do corpo do útero;CR Tumores Ginecológicos
C540;Neoplasia maligna do istmo do útero;CR Tumores Ginecológicos
C541;Neoplasia maligna do endométrio;CR Tumores Ginecológicos
C542;Neoplasia maligna do miométrio;CR Tumores Ginecológicos
C543;Neoplasia maligna do fundo do útero;CR Tumores Ginecológicos
C548;Neoplasia maligna do corpo do útero com lesão invasiva;CR Tumores Ginecológicos
C549;Neoplasia maligna do corpo do útero, não especificado;CR Tumores Ginecológicos
C55;Neoplasia maligna do útero, porção não especificada;CR Tumores Ginecológicos
C56;Neoplasia maligna do ovário;CR Tumores Ginecológicos
C57;Neoplasia maligna de outros órgãos genitais femininos e dos não especificados;CR Tumores Ginecológicos
C570;Neoplasia maligna da trompa de Falópio;CR Tumores Ginecológicos
C571;Neoplasia maligna do ligamento largo;CR Tumores Ginecológicos
C572;Neoplasia maligna do ligamento redondo;CR Tumores Ginecológicos
C573;Neoplasia maligna do paramétrio;CR Tumores Ginecológicos
C574;Neoplasia maligna dos anexos uterinos;CR Tumores Ginecológicos
C577;Neoplasia maligna de outras partes especificadas dos órgãos genitais femininos;CR Tumores Ginecológicos
C578;Neoplasia maligna dos órgãos genitais femininos com lesão invasiva;CR Tumores Ginecológicos
C579;Neoplasia maligna de órgão genital feminino, não especificado;CR Tumores Ginecológicos
C58;Neoplasia maligna da placenta;CR Tumores Ginecológicos
C60;Neoplasia maligna do pênis;CR Tumores Urológicos
C600;Neoplasia maligna do prepúcio;CR Tumores Urológicos
C601;Neoplasia maligna da glande;CR Tumores Urológicos
C602;Neoplasia maligna do corpo do pênis;CR Tumores Urológicos
C608;Neoplasia maligna do pênis com lesão invasiva;CR Tumores Urológicos
C609;Neoplasia maligna do pênis, não especificado;CR Tumores Urológicos
C61;Neoplasia maligna da próstata;CR Tumores Urológicos
C62;Neoplasia maligna dos testículos;CR Tumores Urológicos
C620;Neoplasia maligna do testículo criptorquídico;CR Tumores Urológicos
C621;Neoplasia maligna do testículo tópico;CR Tumores Urológicos
C629;Neoplasia maligna do testículo, sem outras especificações;CR Tumores Urológicos
C63;Neoplasia maligna de outros órgãos genitais masculinos e dos não especificados;CR Tumores Urológicos
C630;Neoplasia maligna do epidídimo;CR Tumores Urológicos
C631;Neoplasia maligna do cordão espermático;CR Tumores Urológicos
C632;Neoplasia maligna do escroto;CR Tumores Urológicos
C637;Neoplasia maligna de outros órgãos genitais masculinos especificados;CR Tumores Urológicos
C638;Neoplasia maligna dos órgãos genitais masculinos com lesão invasiva;CR Tumores Urológicos
C639;Neoplasia maligna de órgão genital masculino, não especificado;CR Tumores Urológicos
C64;Neoplasia maligna do rim, exceto pelve renal;CR Tumores Urológicos
C65;Neoplasia maligna da pelve renal;CR Tumores Urológicos
C66;Neoplasia maligna dos ureteres;CR Tumores Urológicos
C67;Neoplasia maligna da bexiga;CR Tumores Urológicos
C670;Neoplasia maligna do trígono da bexiga;CR Tumores Urológicos
C671;Neoplasia maligna da cúpula da bexiga;CR Tumores Urológicos
C672;Neoplasia maligna da parede lateral da bexiga;CR Tumores Urológicos
C673;Neoplasia maligna da parede anterior da bexiga;CR Tumores Urológicos
C674;Neoplasia maligna da parede posterior da bexiga;CR Tumores Urológicos
C675;Neoplasia maligna do colo da bexiga;CR Tumores Urológicos
C676;Neoplasia maligna do orifício uretérico;CR Tumores Urológicos
C677;Neoplasia maligna do úraco;CR Tumores Urológicos
C678;Neoplasia maligna da bexiga com lesão invasiva;CR Tumores Urológicos
C679;Neoplasia maligna da bexiga, sem outra especificações;CR Tumores Urológicos
C68;Neoplasia maligna de outros órgãos urinários e dos não especificados;CR Tumores Urológicos
C680;Neoplasia maligna da uretra;CR Tumores Urológicos
C681;Neoplasia maligna da glândula parauretral;CR Tumores Urológicos
C688;Neoplasia maligna dos órgãos urinários com lesão invasiva;CR Tumores Urológicos
C689;Neoplasia maligna de órgão urinário, não especificado;CR Tumores Urológicos
C69;Neoplasia maligna do olho e anexos;CR Tumores da Cabeça e Pescoço
C690;Neoplasia maligna da conjuntiva;CR Tumores da Cabeça e Pescoço
C691;Neoplasia maligna da córnea;CR Tumores da Cabeça e Pescoço
C692;Neoplasia maligna da retina;CR Tumores da Cabeça e Pescoço
C693;Neoplasia maligna da coróide;CR Tumores da Cabeça e Pescoço
C694;Neoplasia maligna do corpo ciliar;CR Tumores da Cabeça e Pescoço
C695;Neoplasia maligna da glândula e canal lacrimal;CR Tumores da Cabeça e Pescoço
C696;Neoplasia maligna da órbita;CR Tumores da Cabeça e Pescoço
C698;Neoplasia maligna do olho e anexos com lesão invasiva;CR Tumores da Cabeça e Pescoço
C699;Neoplasia maligna do olho, não especificado;CR Tumores da Cabeça e Pescoço
C70;Neoplasia maligna das meninges;CR Tumores do Sistema Nervoso Central
C700;Neoplasia maligna das meninges cerebrais;CR Tumores do Sistema Nervoso Central
C701;Neoplasia maligna das meninges espinhais;CR Tumores do Sistema Nervoso Central
C709;Neoplasia maligna da meninge, não especificada;CR Tumores do Sistema Nervoso Central
C71;Neoplasia maligna do encéfalo;CR Tumores do Sistema Nervoso Central
C710;Neoplasia maligna do cérebro, exceto lobos e ventrículos;CR Tumores do Sistema Nervoso Central
C711;Neoplasia maligna do lobo frontal;CR Tumores do Sistema Nervoso Central
C712;Neoplasia maligna do lobo temporal;CR Tumores do Sistema Nervoso Central
C713;Neoplasia maligna do lobo parietal;CR Tumores do Sistema Nervoso Central
C714;Neoplasia maligna do lobo occipital;CR Tumores do Sistema Nervoso Central
C715;Neoplasia maligna do ventrículo cerebral;CR Tumores do Sistema Nervoso Central
C716;Neoplasia maligna do cerebelo;CR Tumores do Sistema Nervoso Central
C717;Neoplasia maligna do tronco cerebral;CR Tumores do Sistema Nervoso Central
C718;Neoplasia maligna do encéfalo com lesão invasiva;CR Tumores do Sistema Nervoso Central
C719;Neoplasia maligna do encéfalo, não especificado;CR Tumores do Sistema Nervoso Central
C72;Neoplasia maligna da medula espinhal, dos nervos cranianos e de outras partes do sistema nervoso central;CR Tumores do Sistema Nervoso Central
C720;Neoplasia maligna da medula espinhal;CR Tumores do Sistema Nervoso Central
C721;Neoplasia maligna da cauda eqüina;CR Tumores do Sistema Nervoso Central
C722;Neoplasia maligna do nervo olfativo;CR Tumores do Sistema Nervoso Central
C723;Neoplasia maligna do nervo óptico;CR Tumores do Sistema Nervoso Central
C724;Neoplasia maligna do nervo acústico;CR Tumores do Sistema Nervoso Central
C725;Neoplasia maligna de outros nervos cranianos e os não especificados;CR Tumores do Sistema Nervoso Central
C728;Neoplasia maligna do encéfalo e de outras partes do sistema nervoso central com lesão invasiva;CR Tumores do Sistema Nervoso Central
C729;Neoplasia maligna do sistema nervoso central, não especificado;CR Tumores do Sistema Nervoso Central
C73;Neoplasia maligna da glândula tireóide;CR Tumores da Cabeça e Pescoço
C74;Neoplasia maligna da glândula supra-renal [Glândula adrenal];CR Tumores Urológicos
C740;Neoplasia maligna do córtex da supra-renal;CR Tumores Urológicos
C741;Neoplasia maligna da medula da supra-renal;CR Tumores Urológicos
C749;Neoplasia maligna da glândula supra-renal, não especificada;CR Tumores Urológicos
C75;Neoplasia maligna de outras glândulas endócrinas e de estruturas relacionadas;CR Tumores da Cabeça e Pescoço
C750;Neoplasia maligna da glândula paratireóide;CR Tumores da Cabeça e Pescoço
C751;Neoplasia maligna da glândula hipófise (pituitária);CR Tumores da Cabeça e Pescoço
C752;Neoplasia maligna do conduto craniofaríngeo;CR Tumores da Cabeça e Pescoço
C753;Neoplasia maligna da glândula pineal;CR Tumores da Cabeça e Pescoço
C754;Neoplasia maligna do corpo carotídeo;CR Tumores da Cabeça e Pescoço
C755;Neoplasia maligna do corpo aórtico e outros paragânglios;CR Tumores da Cabeça e Pescoço
C758;Neoplasia maligna com comprometimento pluriglandular, sem outra especificação;CR Tumores da Cabeça e Pescoço
C759;Neoplasia maligna de glândula endócrina, não especificada;CR Tumores da Cabeça e Pescoço
C76;Neoplasia maligna de outras localizações e de localizações mal definidas;Não Vinculado
C760;Neoplasia maligna da cabeça, face e pescoço;CR Tumores da Cabeça e Pescoço
C761;Neoplasia maligna do tórax;CR Tumores do Pulmão e Tórax
C762;Neoplasia maligna do abdome;CR Tumores do Aparelho Digestivo Alto
C763;Neoplasia maligna da pelve;Não vinculado
C764;Neoplasia maligna do membro superior;CR Sarcomas e Tumores Ósseos
C765;Neoplasia maligna do membro inferior;CR Sarcomas e Tumores Ósseos
C767;Neoplasia maligna de outras localizações mal definidas;Não vinculado
C768;Neoplasia maligna de outras localizações e das mal definidas com lesão invasiva;Não vinculado
C77;Neoplasia maligna secundária e não especificada dos gânglios linfáticos;CR Neoplasias Hematológicas
C770;Neoplasia maligna secundária e não especificada dos gânglios linfáticos da cabeça, face e pescoço;CR Tumores da Cabeça e Pescoço
C771;Neoplasia maligna secundária e não especificada dos gânglios linfáticos intratorácicos;CR Neoplasias Hematológicas
C772;Neoplasia maligna secundária e não especificada dos gânglios linfáticos intra-abdominais;CR Neoplasias Hematológicas
C773;Neoplasia maligna secundária e não especificada dos gânglios linfáticos axilares e dos membros superiores;CR Neoplasias Hematológicas
C774;Neoplasia maligna secundária e não especificada dos gânglios linfáticos inguinais e dos membros inferiores;CR Neoplasias Hematológicas
C775;Neoplasia maligna secundária e não especificada dos gânglios linfáticos intrapélvicos;CR Neoplasias Hematológicas
C778;Neoplasia maligna secundária e não especificada dos gânglios linfáticos de múltiplas regiões;CR Neoplasias Hematológicas
C779;Neoplasia maligna secundária e não especificada de gânglio linfático, não especificado;CR Neoplasias Hematológicas
C78;Neoplasia maligna secundária dos órgãos respiratórios e digestivos;Não Vinculado
C780;Neoplasia maligna secundária dos pulmões;CR Tumores do Pulmão e Tórax
C781;Neoplasia maligna secundária do mediastino;CR Tumores do Pulmão e Tórax
C782;Neoplasia maligna secundária da pleura;CR Tumores do Pulmão e Tórax
C783;Neoplasia maligna secundária de outros órgãos respiratórios e não especificados;CR Tumores do Pulmão e Tórax
C784;Neoplasia maligna secundária do intestino delgado;CR Tumores do Pulmão e Tórax
C785;Neoplasia maligna secundária do intestino grosso e do reto;CR Tumores Colorretais
C786;Neoplasia maligna secundária do retroperitônio e do peritônio;Não vinculado
C787;Neoplasia maligna secundária do fígado;CR Tumores do Aparelho Digestivo Alto
C788;Neoplasia maligna secundária de outros órgãos digestivos e não especificados;CR Tumores do Aparelho Digestivo Alto
C79;Neoplasia maligna secundária de outras localizações;Não Vinculado
C790;Neoplasia maligna secundária do rim e da pelve renal;CR Tumores Urológicos
C791;Neoplasia maligna secundária da bexiga, de outro órgão urinário e não especificado;CR Tumores Urológicos
C792;Neoplasia maligna secundária da pele;CR Tumores Cutâneos
C793;Neoplasia maligna secundária do encéfalo e das meninges cerebrais;CR Tumores do Sistema Nervoso Central
C794;Neoplasia maligna secundária de outras partes do sistema nervoso e não especificadas;CR Tumores do Sistema Nervoso Central
C795;Neoplasia maligna secundária dos ossos e da medula óssea;CR Sarcomas e Tumores Ósseos
C796;Neoplasia maligna secundária do ovário;CR Tumores Ginecológicos
C797;Neoplasia maligna secundária das glândulas supra-renais (adrenais);CR Tumores Urológicos
C798;Neoplasia maligna secundária de outra localização especificada;Não vinculado
C80;Neoplasia maligna, sem especificação de localização;Não Vinculado
C81;Doença de Hodgkin;CR Neoplasias Hematológicas
C810;Doença de Hodgkin, predominância linfocítica;CR Neoplasias Hematológicas
C811;Doença de Hodgkin, esclerose nodular;CR Neoplasias Hematológicas
C812;Doença de Hodgkin, celularidade mista;CR Neoplasias Hematológicas
C813;Doença de Hodgkin, depleção linfocítica;CR Neoplasias Hematológicas
C817;Outra forma da doença de Hodgkin;CR Neoplasias Hematológicas
C819;Doença de Hodgkin, não especificada;CR Neoplasias Hematológicas
C82;Linfoma não-Hodgkin, folicular (nodular);CR Neoplasias Hematológicas
C820;Linfoma não-Hodgkin, pequenas células clivadas, folicular;CR Neoplasias Hematológicas
C821;Linfoma não-Hodgkin, misto, de pequenas e grandes células clivadas, folicular;CR Neoplasias Hematológicas
C822;Linfoma não-Hodgkin, grandes células, folicular;CR Neoplasias Hematológicas
C827;Outros tipos de linfoma não-Hodgkin, folicular;CR Neoplasias Hematológicas
C829;Linfoma não-Hodgkin, folicular, não especificado;CR Neoplasias Hematológicas
C83;Linfoma não-Hodgkin difuso;CR Neoplasias Hematológicas
C830;Linfoma não-Hodgkin difuso, pequenas células (difuso);CR Neoplasias Hematológicas
C831;Linfoma não-Hodgkin difuso, pequenas células clivadas (difuso);CR Neoplasias Hematológicas
C832;Linfoma não-Hodgkin difuso, misto, de pequenas e grandes células (difuso);CR Neoplasias Hematológicas
C833;Linfoma não-Hodgkin difuso, grandes células (difuso);CR Neoplasias Hematológicas
C834;Linfoma não-Hodgkin difuso, imunoblástico (difuso);CR Neoplasias Hematológicas
C835;Linfoma não-Hodgkin difuso, linfoblástico (difuso);CR Neoplasias Hematológicas
C836;Linfoma não-Hodgkin difuso, indiferenciado (difuso);CR Neoplasias Hematológicas
C837;Tumor de Burkitt;CR Neoplasias Hematológicas
C838;Outros tipos de linfoma não-Hodgkin difuso;CR Neoplasias Hematológicas
C839;Linfoma não-Hodgkin difuso, não especificado;CR Neoplasias Hematológicas
C84;Linfomas de células T cutâneas e periféricas;CR Neoplasias Hematológicas
C840;Micose fungóide;CR Tumores Cutâneos
C841;Doença de Sézary;CR Neoplasias Hematológicas
C842;Linfoma da zona T;CR Neoplasias Hematológicas
C843;Linfoma linfoepitelióide;CR Neoplasias Hematológicas
C844;Linfoma de células T, periférico;CR Neoplasias Hematológicas
C845;Outros linfomas de células T e os não especificados;CR Neoplasias Hematológicas
C85;Linfoma não-Hodgkin de outros tipos e de tipo não especificado;CR Neoplasias Hematológicas
C850;Linfossarcoma;CR Neoplasias Hematológicas
C851;Linfoma de células B, não especificado;CR Neoplasias Hematológicas
C857;Outros tipos especificados de linfoma não-Hodgkin;CR Neoplasias Hematológicas
C859;Linfoma não-Hodgkin de tipo não especificado;CR Neoplasias Hematológicas
C88;Doenças imunoproliferativas malignas;CR Neoplasias Hematológicas
C880;Macroglobulinemia de Waldenström;CR Neoplasias Hematológicas
C881;Doença de cadeia pesada alfa;CR Neoplasias Hematológicas
C882;Doença de cadeia pesada gama;CR Neoplasias Hematológicas
C883;Doença imunoproliferativa do intestino delgado;CR Neoplasias Hematológicas
C887;Outras doenças imunoproliferativas malignas;CR Neoplasias Hematológicas
C889;Doença imunoproliferativa maligna, não especificada;CR Neoplasias Hematológicas
C90;Mieloma múltiplo e neoplasias malignas de plasmócitos;CR Neoplasias Hematológicas
C900;Mieloma múltiplo;CR Neoplasias Hematológicas
C901;Leucemia plasmocitária;CR Neoplasias Hematológicas
C902;Plasmocitoma extramedular;CR Neoplasias Hematológicas
C91;Leucemia linfóide;CR Neoplasias Hematológicas
C910;Leucemia linfoblástica aguda;CR Neoplasias Hematológicas
C911;Leucemia linfocítica crônica;CR Neoplasias Hematológicas
C912;Leucemia linfocítica subaguda;CR Neoplasias Hematológicas
C913;Leucemia pró-linfocítica;CR Neoplasias Hematológicas
C914;Leucemia de células pilosas;CR Neoplasias Hematológicas
C915;Leucemia de células T do adulto;CR Neoplasias Hematológicas
C917;Outras leucemias linfóides;CR Neoplasias Hematológicas
C919;Leucemia linfóide, não especificada;CR Neoplasias Hematológicas
C92;Leucemia mielóide;CR Neoplasias Hematológicas
C920;Leucemia mielóide aguda;CR Neoplasias Hematológicas
C921;Leucemia mielóide crônica;CR Neoplasias Hematológicas
C922;Leucemia mielóide subaguda;CR Neoplasias Hematológicas
C923;Sarcoma mielóide;CR Neoplasias Hematológicas
C924;Leucemia pró-mielocítica aguda;CR Neoplasias Hematológicas
C925;Leucemia mielomonocítica aguda;CR Neoplasias Hematológicas
C927;Outras leucemias mielóides;CR Neoplasias Hematológicas
C929;Leucemia mielóide, não especificada;CR Neoplasias Hematológicas
C93;Leucemia monocítica;CR Neoplasias Hematológicas
C930;Leucemia monocítica aguda;CR Neoplasias Hematológicas
C931;Leucemia monocítica crônica;CR Neoplasias Hematológicas
C932;Leucemia monocítica subaguda;CR Neoplasias Hematológicas
C937;Outras leucemias monocíticas;CR Neoplasias Hematológicas
C939;Leucemia monocítica, não especificada;CR Neoplasias Hematológicas
C94;Outras leucemias de células de tipo especificado;CR Neoplasias Hematológicas
C940;Eritremia e eritroleucemia agudas;CR Neoplasias Hematológicas
C941;Eritremia crônica;CR Neoplasias Hematológicas
C942;Leucemia megacarioblástica aguda;CR Neoplasias Hematológicas
C943;Leucemia de mastócitos;CR Neoplasias Hematológicas
C944;Panmielose aguda;CR Neoplasias Hematológicas
C945;Mielofibrose aguda;CR Neoplasias Hematológicas
C947;Outras leucemias especificadas;CR Neoplasias Hematológicas
C95;Leucemia de tipo celular não especificado;CR Neoplasias Hematológicas
C950;Leucemia aguda de tipo celular não especificado;CR Neoplasias Hematológicas
C951;Leucemia crônica de tipo celular não especificado;CR Neoplasias Hematológicas
C952;Leucemia subaguda de tipo celular não especificado;CR Neoplasias Hematológicas
C957;Outras leucemias de tipo celular não especificado;CR Neoplasias Hematológicas
C959;Leucemia não especificada;CR Neoplasias Hematológicas
C96;Outras neoplasias malignas e as não especificadas dos tecidos linfático, hematopoético e tecidos correlatos;CR Neoplasias Hematológicas
C960;Doença de Letterer-Siwe;CR Neoplasias Hematológicas
C961;Histiocitose maligna;CR Neoplasias Hematológicas
C962;Tumor maligno de mastócitos;CR Neoplasias Hematológicas
C963;Linfoma histiocítico verdadeiro;CR Neoplasias Hematológicas
C967;Outras neoplasias malignas especificadas dos tecidos linfático, hematopoético e tecidos correlatos;CR Neoplasias Hematológicas
C969;Neoplasia maligna dos tecidos linfático, hematopoético e tecidos correlatos, não especificada;CR Neoplasias Hematológicas
C97;Neoplasias malignas de localizações múltiplas independentes (primárias);Não vinculado
D00;Carcinoma in situ da cavidade oral, do esôfago e do estômago;Não vinculado
D000;Carcinoma in situ dos lábios, cavidade oral e faringe;CR Tumores da Cabeça e Pescoço
D001;Carcinoma in situ do esôfago;CR Tumores do Aparelho Digestivo Alto
D002;Carcinoma in situ do estômago;CR Tumores do Aparelho Digestivo Alto
D01;Carcinoma in situ de outros órgãos digestivos;CR Tumores Colorretais
D010;Carcinoma in situ do cólon;CR Tumores Colorretais
D011;Carcinoma in situ da junção retossigmóide;CR Tumores Colorretais
D012;Carcinoma in situ do reto;CR Tumores Colorretais
D013;Carcinoma in situ do ânus e canal anal;CR Tumores Colorretais
D014;Carcinoma in situ de outras partes do intestino e as não especificadas;CR Tumores Colorretais
D015;Carcinoma in situ do fígado, vesícula biliar e vias biliares;CR Tumores do Aparelho Digestivo Alto
D017;Carcinoma in situ de outros órgãos especificados do aparelho digestivo;CR Tumores do Aparelho Digestivo Alto
D019;Carcinoma in situ de órgãos digestivos, não especificado;CR Tumores do Aparelho Digestivo Alto
D02;Carcinoma in situ do ouvido médio e do aparelho respiratório;Não vinculado
D020;Carcinoma in situ da laringe;CR Tumores da Cabeça e Pescoço
D021;Carcinoma in situ da traquéia;CR Tumores do Pulmão e Tórax
D022;Carcinoma in situ dos brônquios e pulmões;CR Tumores do Pulmão e Tórax
D023;Carcinoma in situ de outras partes do aparelho respiratório;CR Tumores do Pulmão e Tórax
D029;Carcinoma in situ do aparelho respiratório, não especificado;CR Tumores do Pulmão e Tórax
D03;Melanoma in situ;CR Tumores Cutâneos
D030;Melanoma in situ do lábio;CR Tumores Cutâneos
D031;Melanoma in situ da pálpebra, incluindo o canto;CR Tumores Cutâneos
D032;Melanoma in situ da orelha e do conduto auditivo externo;CR Tumores Cutâneos
D033;Melanoma in situ de outras partes, e de partes não especificadas da face;CR Tumores Cutâneos
D034;Melanoma in situ do couro cabeludo e do pescoço;CR Tumores Cutâneos
D035;Melanoma in situ do tronco;CR Tumores Cutâneos
D036;Melanoma in situ dos membros superiores, incluindo ombro;CR Tumores Cutâneos
D037;Melanoma in situ dos membros inferiores, incluindo quadril;CR Tumores Cutâneos
D038;Melanoma in situ de outras localizações;CR Tumores Cutâneos
D039;Melanoma in situ, não especificado;CR Tumores Cutâneos
D04;Carcinoma in situ da pele;CR Tumores Cutâneos
D040;Carcinoma in situ da pele do lábio;CR Tumores Cutâneos
D041;Carcinoma in situ da pele da pálpebra, incluindo o canto;CR Tumores Cutâneos
D042;Carcinoma in situ da pele da orelha e do conduto auditivo externo;CR Tumores Cutâneos
D043;Carcinoma in situ da pele de outras partes e de partes não especificadas da face;CR Tumores Cutâneos
D044;Carcinoma in situ da pele do couro cabeludo e do pescoço;CR Tumores Cutâneos
D045;Carcinoma in situ da pele do tronco;CR Tumores Cutâneos
D046;Carcinoma in situ da pele dos membros superiores, incluindo ombro;CR Tumores Cutâneos
D047;Carcinoma in situ da pele dos membros inferiores, incluindo quadril;CR Tumores Cutâneos
D048;Carcinoma in situ da pele de outras localizações;CR Tumores Cutâneos
D049;Carcinoma in situ da pele, não especificada;CR Tumores Cutâneos
D05;Carcinoma in situ da mama;CR Tumores da Mama
D050;Carcinoma lobular in situ;CR Tumores da Mama
D051;Carcinoma intraductal in situ;CR Tumores da Mama
D057;Outros carcinomas in situ;CR Tumores da Mama
D059;Carcinoma in situ da mama, não especificado;CR Tumores da Mama
D06;Carcinoma in situ do colo do útero (cérvix);CR Tumores Ginecológicos
D060;Carcinoma in situ do endocérvix;CR Tumores Ginecológicos
D061;Carcinoma in situ do exocérvix;CR Tumores Ginecológicos
D067;Carcinoma in situ de outras partes do colo do útero;CR Tumores Ginecológicos
D069;Carcinoma in situ do colo do útero, não especificado;CR Tumores Ginecológicos
D07;Carcinoma in situ de outros órgãos genitais e dos não especificados;Não vinculado
D070;Carcinoma in situ do endométrio;CR Tumores Ginecológicos
D071;Carcinoma in situ da vulva;CR Tumores Ginecológicos
D072;Carcinoma in situ da vagina;CR Tumores Ginecológicos
D073;Carcinoma in situ de outros órgãos genitais femininos e os não especificados;CR Tumores Ginecológicos
D074;Carcinoma in situ do pênis;CR Tumores Urológicos
D075;Carcinoma in situ da próstata;CR Tumores Urológicos
D076;Carcinoma in situ de outros órgãos genitais masculinos e os não especificados;CR Tumores Urológicos
D09;Carcinoma in situ de outras localizações e das não especificadas;Não vinculado
D090;Carcinoma in situ da bexiga;CR Tumores Urológicos
D091;Carcinoma in situ de outros órgãos urinários e os não especificados;CR Tumores Urológicos
D092;Carcinoma in situ do olho;CR Tumores da Cabeça e Pescoço
D093;Carcinoma in situ da tireóide e de outras glândulas endócrinas;CR Tumores da Cabeça e Pescoço
D097;Carcinoma in situ de outras localizações especificadas;Não vinculado
D099;Carcinoma in situ, não especificado;Não vinculado
D10;Neoplasia benigna da boca e da faringe;CR Tumores da Cabeça e Pescoço
D100;Neoplasia benigna dos lábios;CR Tumores da Cabeça e Pescoço
D101;Neoplasia benigna da língua;CR Tumores da Cabeça e Pescoço
D102;Neoplasia benigna do assoalho da boca;CR Tumores da Cabeça e Pescoço
D103;Neoplasia benigna de outras partes da boca e as não especificadas;CR Tumores da Cabeça e Pescoço
D104;Neoplasia benigna da amígdala;CR Tumores da Cabeça e Pescoço
D105;Neoplasia benigna de outras partes da orofaringe;CR Tumores da Cabeça e Pescoço
D106;Neoplasia benigna da nasofaringe;CR Tumores da Cabeça e Pescoço
D107;Neoplasia benigna da hipofaringe;CR Tumores da Cabeça e Pescoço
D109;Neoplasia benigna da faringe, não especificada;CR Tumores da Cabeça e Pescoço
D11;Neoplasia benigna de glândulas salivares maiores;CR Tumores da Cabeça e Pescoço
D110;Neoplasia benigna da glândula parótida;CR Tumores da Cabeça e Pescoço
D117;Neoplasia benigna de outras glândulas salivares maiores;CR Tumores da Cabeça e Pescoço
D119;Neoplasia benigna da glândula salivar maior, não especificada;CR Tumores da Cabeça e Pescoço
D12;Neoplasia benigna do cólon, reto, canal anal e ânus;CR Tumores Colorretais
D120;Neoplasia benigna do ceco;CR Tumores Colorretais
D121;Neoplasia benigna do apêndice (vermiforme);CR Tumores Colorretais
D122;Neoplasia benigna do cólon ascendente;CR Tumores Colorretais
D123;Neoplasia benigna do cólon transverso;CR Tumores Colorretais
D124;Neoplasia benigna do cólon descendente;CR Tumores Colorretais
D125;Neoplasia benigna do cólon sigmóide;CR Tumores Colorretais
D126;Neoplasia benigna do cólon, não especificada;CR Tumores Colorretais
D127;Neoplasia benigna da junção retossigmóide;CR Tumores Colorretais
D128;Neoplasia benigna do reto;CR Tumores Colorretais
D129;Neoplasia benigna do canal anal e ânus;CR Tumores Colorretais
D13;Neoplasia benigna de outras partes e de partes mal definidas do aparelho digestivo;CR Tumores do Aparelho Digestivo Alto
D130;Neoplasia benigna do esôfago;CR Tumores do Aparelho Digestivo Alto
D131;Neoplasia benigna do estômago;CR Tumores do Aparelho Digestivo Alto
D132;Neoplasia benigna do duodeno;CR Tumores do Aparelho Digestivo Alto
D133;Neoplasia benigna de outras partes e partes não especificadas do intestino delgado;CR Tumores do Aparelho Digestivo Alto
D134;Neoplasia benigna do fígado;CR Tumores do Aparelho Digestivo Alto
D135;Neoplasia benigna das vias biliares extra-hepáticas;CR Tumores do Aparelho Digestivo Alto
D136;Neoplasia benigna do pâncreas;CR Tumores do Aparelho Digestivo Alto
D137;Neoplasia benigna do pâncreas endócrino;CR Tumores do Aparelho Digestivo Alto
D139;Neoplasia benigna de localizações mal definidas do aparelho digestivo;CR Tumores do Aparelho Digestivo Alto
D14;Neoplasia benigna do ouvido médio e do aparelho respiratório ;Não vinculado
D140;Neoplasia benigna do ouvido médio, cavidade nasal e seios paranasais;CR Tumores da Cabeça e Pescoço
D141;Neoplasia benigna da laringe;CR Tumores da Cabeça e Pescoço
D142;Neoplasia benigna da traquéia;CR Tumores do Pulmão e Tórax
D143;Neoplasia benigna dos brônquios e pulmão;CR Tumores do Pulmão e Tórax
D144;Neoplasia benigna do aparelho respiratório, não especificado;CR Tumores do Pulmão e Tórax
D15;Neoplasia benigna de outros órgãos intratorácicos e dos não especificados;CR Tumores do Pulmão e Tórax
D150;Neoplasia benigna do timo;CR Tumores do Pulmão e Tórax
D151;Neoplasia benigna do coração;CR Tumores do Pulmão e Tórax
D152;Neoplasia benigna do mediastino;CR Tumores do Pulmão e Tórax
D157;Neoplasia benigna de outros órgãos intratorácicos especificados;CR Tumores do Pulmão e Tórax
D159;Neoplasia benigna de órgão intratorácico, não especificado;CR Tumores do Pulmão e Tórax
D16;Neoplasia benigna de osso e de cartilagem articular;CR Sarcomas e Tumores Ósseos
D160;Neoplasia benigna da omoplata [escápula] e ossos longos dos membros superiores;CR Sarcomas e Tumores Ósseos
D161;Neoplasia benigna dos ossos curtos dos membros superiores;CR Sarcomas e Tumores Ósseos
D162;Neoplasia benigna dos ossos longos dos membros inferiores;CR Sarcomas e Tumores Ósseos
D163;Neoplasia benigna dos ossos curtos dos membros inferiores;CR Sarcomas e Tumores Ósseos
D164;Neoplasia benigna do osso do crânio e da face;CR Sarcomas e Tumores Ósseos
D165;Neoplasia benigna da mandíbula;CR Sarcomas e Tumores Ósseos
D166;Neoplasia benigna da coluna vertebral ;CR Sarcomas e Tumores Ósseos
D167;Neoplasia benigna das costelas, do esterno e da clavícula;CR Sarcomas e Tumores Ósseos
D168;Neoplasia benigna dos ossos pélvicos, sacro e cóccix;CR Sarcomas e Tumores Ósseos
D169;Neoplasia benigna do osso e cartilagem articular, não especificado;CR Sarcomas e Tumores Ósseos
D17;Lipoma;CR Tumores Cutâneos
D170;Lipoma da pele e do tecido subcutâneo da cabeça, face e pescoço;CR Tumores da Cabeça e Pescoço
D171;Neoplasia lipomatosa benigna da pele e do tecido subcutâneo do tronco;CR Tumores Cutâneos
D172;Neoplasia lipomatosa benigna da pele e tecido subcutâneo dos membros;CR Tumores Cutâneos
D173;Neoplasia lipomatosa benigna da pele e tecido subcutâneo de outras localizações e de localizações não especificadas;CR Tumores Cutâneos
D174;Neoplasia lipomatosa benigna de órgãos intratorácicos;CR Tumores do Pulmão e Tórax
D175;Neoplasia lipomatosa benigna de órgãos intra-abdominais;CR Tumores do Aparelho Digestivo Alto
D176;Neoplasia lipomatosa benigna do cordão espermático;CR Tumores Urológicos
D177;Neoplasia lipomatosa benigna em outras localizações;CR Tumores Cutâneos
D179;Neoplasia lipomatosa benigna de localização não especificada;CR Tumores Cutâneos
D18;Hemangioma e linfangioma de qualquer localização;CR Tumores Pediátricos
D180;Hemangioma de qualquer localização;CR Tumores Pediátricos
D181;Linfangioma de qualquer localização;CR Tumores Pediátricos
D19;Neoplasia benigna de tecido mesotelial;Não vinculado
D190;Neoplasia benigna do tecido mesotelial da pleura;CR Tumores do Pulmão e Tórax
D191;Neoplasia benigna do tecido mesotelial do peritônio;CR Tumores do Aparelho Digestivo Alto
D197;Neoplasia benigna do tecido mesotelial de outras localizações;Não vinculado
D199;Neoplasia benigna do tecido mesotelial, não especificado;Não Vinculado
D20;Neoplasia benigna de tecido mole do retroperitônio e do peritônio;Não vinculado
D200;Neoplasia benigna do retroperitônio;Não vinculado
D201;Neoplasia benigna do peritônio;CR Tumores do Aparelho Digestivo Alto
D21;Outras neoplasias benignas do tecido conjuntivo e outros tecidos moles;CR Sarcomas e Tumores Ósseos
D210;Neoplasia benigna do tecido conjuntivo e outros tecidos moles da cabeça, face e pescoço;CR Sarcomas e Tumores Ósseos
D211;Neoplasia benigna do tecido conjuntivo e outros tecidos moles dos membros superiores, incluindo ombro;CR Sarcomas e Tumores Ósseos
D212;Neoplasia benigna do tecido conjuntivo e outros tecidos moles dos membros inferiores, incluindo quadril;CR Sarcomas e Tumores Ósseos
D213;Neoplasia benigna do tecido conjuntivo e outros tecidos moles do tórax;CR Sarcomas e Tumores Ósseos
D214;Neoplasia benigna do tecido conjuntivo e outros tecidos moles do abdome;CR Sarcomas e Tumores Ósseos
D215;Neoplasia benigna do tecido conjuntivo e de outros tecidos moles da pelve;CR Sarcomas e Tumores Ósseos
D216;Neoplasia benigna do tecido conjuntivo e outros tecidos moles do tronco, não especificado;CR Sarcomas e Tumores Ósseos
D219;Neoplasia benigna do tecido conjuntivo e outros tecidos moles, sem outra especificação;CR Sarcomas e Tumores Ósseos
D22;Nevos melanocíticos;CR Tumores Cutâneos
D220;Nevo melanocítico do lábio;CR Tumores Cutâneos
D221;Nevo melanocítico da pálpebra, incluindo o canto;CR Tumores Cutâneos
D222;Nevo melanocítico da orelha e do conduto auditivo externo;CR Tumores Cutâneos
D223;Nevo melanocítico de outras partes e de partes não especificadas da face;CR Tumores Cutâneos
D224;Nevo melanocítico do couro cabeludo e do pescoço;CR Tumores Cutâneos
D225;Nevo melanocítico do tronco;CR Tumores Cutâneos
D226;Nevo melanocítico dos membros superiores, incluindo ombro;CR Tumores Cutâneos
D227;Nevo melanocítico dos membros inferiores, incluindo quadril;CR Tumores Cutâneos
D229;Nevo melanocítico, não especificado;CR Tumores Cutâneos
D23;Outras neoplasias malignas de pele;CR Tumores Cutâneos
D230;Neoplasia benigna da pele dos lábios;CR Tumores Cutâneos
D231;Neoplasia benigna da pele da pálpebra, incluindo o canto;CR Tumores Cutâneos
D232;Neoplasia benigna da pele da orelha e do conduto auditivo externo;CR Tumores Cutâneos
D233;Neoplasia benigna da pele de outras partes e de partes não especificadas da face;CR Tumores Cutâneos
D234;Neoplasia benigna da pele do couro cabeludo e do pescoço;CR Tumores Cutâneos
D235;Neoplasia benigna da pele do tronco;CR Tumores Cutâneos
D236;Neoplasia benigna da pele dos membros superiores, incluindo o ombro;CR Tumores Cutâneos
D237;Neoplasia benigna da pele dos membros inferiores, incluindo o quadril;CR Tumores Cutâneos
D239;Neoplasia benigna da pele, não especificada;CR Tumores Cutâneos
D24;Neoplasia benigna da mama;CR Tumores da Mama
D25;Leiomioma do útero;CR Tumores Ginecológicos
D250;Leiomioma submucoso do útero;CR Tumores Ginecológicos
D251;Leiomioma intramural do útero;CR Tumores Ginecológicos
D252;Leiomioma subseroso do útero;CR Tumores Ginecológicos
D259;Leiomioma do útero, não especificado;CR Tumores Ginecológicos
D26;Outras neoplasias benignas do útero;CR Tumores Ginecológicos
D260;Neoplasia benigna do colo do útero;CR Tumores Ginecológicos
D261;Neoplasia benigna do corpo do útero;CR Tumores Ginecológicos
D267;Neoplasia benigna de outras partes do útero;CR Tumores Ginecológicos
D269;Neoplasia benigna do útero, não especificado;CR Tumores Ginecológicos
D27;Neoplasia benigna do ovário;CR Tumores Ginecológicos
D28;Neoplasia benigna de outros órgãos genitais femininos e de órgãos não especificados;CR Tumores Ginecológicos
D280;Neoplasia benigna da vulva;CR Tumores Ginecológicos
D281;Neoplasia benigna da vagina;CR Tumores Ginecológicos
D282;Neoplasia benigna das trompas e ligamentos uterinos;CR Tumores Ginecológicos
D287;Neoplasia benigna de outros órgãos genitais femininos especificados;CR Tumores Ginecológicos
D289;Neoplasia benigna de órgão genital feminino, não especificado;CR Tumores Ginecológicos
D29;Neoplasia benigna dos órgãos genitais masculinos;CR Tumores Urológicos
D290;Neoplasia benigna do pênis;CR Tumores Urológicos
D291;Neoplasia benigna da próstata;CR Tumores Urológicos
D292;Neoplasia benigna dos testículos;CR Tumores Urológicos
D293;Neoplasia benigna do epidídimo;CR Tumores Urológicos
D294;Neoplasia benigna do escroto;CR Tumores Urológicos
D297;Neoplasia benigna de outros órgãos genitais masculinos;CR Tumores Urológicos
D299;Neoplasia benigna de órgão genital masculino, não especificado;CR Tumores Urológicos
D30;Neoplasia benigna dos órgãos urinários;CR Tumores Urológicos
D300;Neoplasia benigna do rim;CR Tumores Urológicos
D301;Neoplasia benigna da pelve renal;CR Tumores Urológicos
D302;Neoplasia benigna do ureter;CR Tumores Urológicos
D303;Neoplasia benigna da bexiga;CR Tumores Urológicos
D304;Neoplasia benigna da uretra;CR Tumores Urológicos
D307;Neoplasia benigna de outros órgãos urinários;CR Tumores Urológicos
D309;Neoplasia benigna de órgão urinário, não especificado;CR Tumores Urológicos
D31;Neoplasia benigna do olho e anexos;CR Tumores da Cabeça e Pescoço
D310;Neoplasia benigna da conjuntiva;CR Tumores da Cabeça e Pescoço
D311;Neoplasia benigna da córnea;CR Tumores da Cabeça e Pescoço
D312;Neoplasia benigna da retina;CR Tumores da Cabeça e Pescoço
D313;Neoplasia benigna da coróide;CR Tumores da Cabeça e Pescoço
D314;Neoplasia benigna do corpo ciliar;CR Tumores da Cabeça e Pescoço
D315;Neoplasia benigna das glândulas e dos canais lacrimais;CR Tumores da Cabeça e Pescoço
D316;Neoplasia benigna da órbita, não especificada;CR Tumores da Cabeça e Pescoço
D319;Neoplasia benigna do olho, não especificado;CR Tumores da Cabeça e Pescoço
D32;Neoplasia benigna das meninges;CR Tumores do Sistema Nervoso Central
D320;Neoplasia benigna das meninges cerebrais;CR Tumores do Sistema Nervoso Central
D321;Neoplasia benigna das meninges espinhais;CR Tumores do Sistema Nervoso Central
D329;Neoplasia benigna das meninges, não especificada;CR Tumores do Sistema Nervoso Central
D33;Neoplasia benigna do cérebro e de outras partes do sistema nervoso central;CR Tumores do Sistema Nervoso Central
D330;Neoplasia benigna do encéfalo, supratentorial;CR Tumores do Sistema Nervoso Central
D331;Neoplasia benigna do encéfalo, infratentorial;CR Tumores do Sistema Nervoso Central
D332;Neoplasia benigna do encéfalo, não especificado;CR Tumores do Sistema Nervoso Central
D333;Neoplasia benigna da medula espinhal;CR Tumores do Sistema Nervoso Central
D334;Neoplasia benigna dos nervos cranianos;CR Tumores do Sistema Nervoso Central
D337;Neoplasia benigna de outras partes especificadas do sistema nervoso central;CR Tumores do Sistema Nervoso Central
D339;Neoplasia benigna do sistema nervoso central, não especificada;CR Tumores do Sistema Nervoso Central
D34;Neoplasia benigna da glândula tireóide;CR Tumores da Cabeça e Pescoço
D35;Neoplasia benigna de outras glândulas endócrinas e das não especificadas;CR Tumores do Sistema Nervoso Central
D350;Neoplasia benigna da glândula supra-renal (adrenal);CR Tumores Urológicos
D351;Neoplasia benigna da glândula paratireóide;CR Tumores da Cabeça e Pescoço
D352;Neoplasia benigna da glândula hipófise (pituitária);CR Tumores da Cabeça e Pescoço
D353;Neoplasia benigna do conduto craniofaríngeo;CR Tumores do Sistema Nervoso Central
D354;Neoplasia benigna da glândula pineal;CR Tumores do Sistema Nervoso Central
D355;Neoplasia benigna do corpo carotídeo;CR Tumores da Cabeça e Pescoço
D356;Neoplasia benigna de outras glândulas endócrinas e estruturas relacionadas (inclui paragangliomas de localização indefinida);CR Tumores da Cabeça e Pescoço
D357;Neoplasia benigna de outras glândulas endócrinas especificadas;Não Vinculado
D358;Neoplasia benigna com comprometimento pluriglandular;CR Tumores da Cabeça e Pescoço
D359;Neoplasia benigna de glândula endócrina, não especificada;Não Vinculado
D36;Neoplasia benigna de outras localizações e de localizações não especificadas;Não vinculado
D360;Neoplasia benigna dos gânglios linfáticos (linfonodos);Não vinculado
D361;Neoplasia benigna dos nervos periféricos e sistema nervoso autônomo;CR Tumores do Sistema Nervoso Central
D367;Neoplasia benigna de outras localizações especificadas;Não Vinculado
D369;Neoplasia benigna de localização não especificada;Não Vinculado
D37;Neoplasia de comportamento incerto ou desconhecido da cavidade oral e dos órgãos digestivos;Não vinculado
D370;Neoplasia de comportamento incerto ou desconhecido do lábio, cavidade oral e faringe;CR Tumores da Cabeça e Pescoço
D371;Neoplasia de comportamento incerto ou desconhecido do estômago;CR Sarcomas e Tumores Ósseos
D372;Neoplasia de comportamento incerto ou desconhecido do intestino delgado;CR Sarcomas e Tumores Ósseos
D373;Neoplasia de comportamento incerto ou desconhecido do apêndice;CR Tumores Colorretais
D374;Neoplasia de comportamento incerto ou desconhecido dos cólons;CR Tumores Colorretais
D375;Neoplasia de comportamento incerto ou desconhecido do reto;CR Tumores Colorretais
D376;Neoplasia de comportamento incerto ou desconhecido do fígado, vesícula biliar e vias biliares;CR Sarcomas e Tumores Ósseos
D377;Neoplasia de comportamento incerto ou desconhecido de outros órgãos digestivos;CR Sarcomas e Tumores Ósseos
D379;Neoplasia de comportamento incerto ou desconhecido de órgão digestivo, não especificado;CR Sarcomas e Tumores Ósseos
D38;Neoplasia de comportamento incerto ou desconhecido do ouvido médio e dos órgãos respiratórios e intratorácicos;Não Vinculado
D380;Neoplasia de comportamento incerto ou desconhecido da laringe;CR Tumores da Cabeça e Pescoço
D381;Neoplasia de comportamento incerto ou desconhecido da traquéia, brônquios e pulmão;CR Tumores do Pulmão e Tórax
D382;Neoplasia de comportamento incerto ou desconhecido da pleura;CR Tumores do Pulmão e Tórax
D383;Neoplasia de comportamento incerto ou desconhecido do mediastino;CR Tumores do Pulmão e Tórax
D384;Neoplasia de comportamento incerto ou desconhecido do timo;CR Tumores do Pulmão e Tórax
D385;Neoplasia de comportamento incerto ou desconhecido de outros órgãos respiratórios;CR Tumores do Pulmão e Tórax
D386;Neoplasia de comportamento incerto ou desconhecido de órgão respiratório, não especificado;CR Tumores do Pulmão e Tórax
D39;Neoplasia de comportamento incerto ou desconhecido dos órgãos genitais femininos;CR Tumores Ginecológicos
D390;Neoplasia de comportamento incerto ou desconhecido do útero;CR Tumores Ginecológicos
D391;Neoplasia de comportamento incerto ou desconhecido do ovário;CR Tumores Ginecológicos
D392;Neoplasia de comportamento incerto ou desconhecido da placenta;CR Tumores Ginecológicos
D397;Neoplasia de comportamento incerto ou desconhecido de outros órgãos genitais femininos;CR Tumores Ginecológicos
D399;Neoplasia de comportamento incerto ou desconhecido de órgão genital feminino, não especificado;CR Tumores Ginecológicos
D40;Neoplasia de comportamento incerto ou desconhecido dos órgãos genitais masculinos;CR Tumores Urológicos
D400;Neoplasia de comportamento incerto ou desconhecido da próstata;CR Tumores Urológicos
D401;Neoplasia de comportamento incerto ou desconhecido do testículo;CR Tumores Urológicos
D407;Neoplasia de comportamento incerto ou desconhecido de outros órgãos genitais masculinos;CR Tumores Urológicos
D409;Neoplasia de comportamento incerto ou desconhecido de órgão genital masculino, não especificado;CR Tumores Urológicos
D41;Neoplasia de comportamento incerto ou desconhecido dos órgãos urinários;CR Tumores Urológicos
D410;Neoplasia de comportamento incerto ou desconhecido do rim;CR Tumores Urológicos
D411;Neoplasia de comportamento incerto ou desconhecido da pelve renal;CR Tumores Urológicos
D412;Neoplasia de comportamento incerto ou desconhecido do ureter;CR Tumores Urológicos
D413;Neoplasia de comportamento incerto ou desconhecido da uretra;CR Tumores Urológicos
D414;Neoplasia de comportamento incerto ou desconhecido da bexiga;CR Tumores Urológicos
D417;Neoplasia de comportamento incerto ou desconhecido de outros órgãos urinários;CR Tumores Urológicos
D419;Neoplasia de comportamento incerto ou desconhecido de órgão urinário, não especificado;CR Tumores Urológicos
D42;Neoplasia de comportamento incerto ou desconhecido das meninges;CR Tumores do Sistema Nervoso Central
D420;Neoplasia de comportamento incerto ou desconhecido das meninges cerebrais;CR Tumores do Sistema Nervoso Central
D421;Neoplasia de comportamento incerto ou desconhecido das meninges espinhais;CR Tumores do Sistema Nervoso Central
D429;Neoplasia de comportamento incerto ou desconhecido de meninges não especificadas;CR Tumores do Sistema Nervoso Central
D43;Neoplasia de comportamento incerto ou desconhecido do encéfalo e do sistema nervoso central;CR Tumores do Sistema Nervoso Central
D430;Neoplasia de comportamento incerto ou desconhecido do encéfalo, supratentorial;CR Tumores do Sistema Nervoso Central
D431;Neoplasia de comportamento incerto ou desconhecido do encéfalo, infratentorial;CR Tumores do Sistema Nervoso Central
D432;Neoplasia de comportamento incerto ou desconhecido do encéfalo, não especificado;CR Tumores do Sistema Nervoso Central
D433;Neoplasia de comportamento incerto ou desconhecido dos nervos cranianos;CR Tumores do Sistema Nervoso Central
D434;Neoplasia de comportamento incerto ou desconhecido da medula espinhal;CR Tumores do Sistema Nervoso Central
D437;Neoplasia de comportamento incerto ou desconhecido de outras partes do sistema nervoso central;CR Tumores do Sistema Nervoso Central
D439;Neoplasia de comportamento incerto ou desconhecido do sistema nervoso central, não especificado;CR Tumores do Sistema Nervoso Central
D44;Neoplasia de comportamento incerto ou desconhecido das glândulas endócrinas;Não Vinculado
D440;Neoplasia de comportamento incerto ou desconhecido da glândula tireóide;CR Tumores da Cabeça e Pescoço
D441;Neoplasia de comportamento incerto ou desconhecido da glândula supra-renal (adrenal);CR Tumores Urológicos
D442;Neoplasia de comportamento incerto ou desconhecido da glândula paratireóide;CR Tumores da Cabeça e Pescoço
D443;Neoplasia de comportamento incerto ou desconhecido da glândula hipófise (pituitária);CR Tumores da Cabeça e Pescoço
D444;Neoplasia de comportamento incerto ou desconhecido do conduto craniofaríngeo;CR Tumores do Sistema Nervoso Central
D445;Neoplasia de comportamento incerto ou desconhecido da glândula pineal;CR Tumores do Sistema Nervoso Central
D446;Neoplasia de comportamento incerto ou desconhecido do corpo carotídeo;CR Tumores da Cabeça e Pescoço
D447;Neoplasia de comportamento incerto ou desconhecido dos corpos aórticos e outros paragânglios;CR Tumores da Cabeça e Pescoço
D448;Neoplasia de comportamento incerto ou desconhecido com comprometimento pluriglandular;CR Tumores do Sistema Nervoso Central
D449;Neoplasia de comportamento incerto ou desconhecido de glândula endócrina, não especificada;Não Vinculado
D45;Policitemia vera;Não vinculado
D46;Síndromes mielodisplásicas;CR Neoplasias Hematológicas
D460;Anemia refratária sem sideroblastos;CR Neoplasias Hematológicas
D461;Anemia refratária com sideroblastos;CR Neoplasias Hematológicas
D462;Anemia refratária com excesso de blastos;CR Neoplasias Hematológicas
D463;Anemia refratária com excesso de blastos com transformação;CR Neoplasias Hematológicas
D464;Anemia refratária, não especificada;CR Neoplasias Hematológicas
D467;Outras síndromes mielodisplásicas;CR Neoplasias Hematológicas
D469;Síndrome mielodisplásica, não especificada;CR Neoplasias Hematológicas
D47;Outras neoplasias de comportamento incerto ou desconhecido dos tecidos linfático, hematopoético e tecidos correlatos;CR Neoplasias Hematológicas
D470;Tumores de comportamento incerto ou desconhecido de mastócitos e células histiocíticas;CR Neoplasias Hematológicas
D471;Doença mieloproliferativa crônica;CR Neoplasias Hematológicas
D472;Gamopatia monoclonal;CR Neoplasias Hematológicas
D473;Trombocitemia essencial (hemorrágica);CR Neoplasias Hematológicas
D477;Outras neoplasias especificadas de comportamento incerto ou desconhecido dos tecidos linfático, hematopoético e tecidos relacionados;CR Neoplasias Hematológicas
D479;Neoplasia de comportamento incerto ou desconhecido dos tecidos linfático, hematopoético e tecidos correlatos, não especificada;CR Neoplasias Hematológicas
D48;Neoplasia de comportamento incerto ou desconhecido de outras localizações e de localizações não especificadas;Não Vinculado
D480;Neoplasia de comportamento incerto ou desconhecido dos ossos e cartilagens articulares;CR Sarcomas e Tumores Ósseos
D481;Neoplasia de comportamento incerto ou desconhecido do tecido conjuntivo e outros tecidos moles;CR Sarcomas e Tumores Ósseos
D482;Neoplasia de comportamento incerto ou desconhecido dos nervos periféricos e do sistema nervoso periférico;CR Sarcomas e Tumores Ósseos
D483;Neoplasia de comportamento incerto ou desconhecido do retroperitônio;CR Sarcomas e Tumores Ósseos
D484;Neoplasia de comportamento incerto ou desconhecido do peritônio;CR Sarcomas e Tumores Ósseos
D485;Neoplasia de comportamento incerto ou desconhecido da pele;CR Tumores Cutâneos
D486;Neoplasia de comportamento incerto ou desconhecido da mama;CR Tumores da Mama
D487;Neoplasia de comportamento incerto ou desconhecido de outras localizações especificadas;CR Sarcomas e Tumores Ósseos
D489;Neoplasia de comportamento incerto ou desconhecido sem outra especificação;CR Sarcomas e Tumores Ósseos
D50;Anemia por deficiência de ferro;CR Neoplasias Hematológicas
D500;Anemia por deficiência de ferro secundária à perda de sangue (crônica);Não vinculado
D501;Disfagia sideropênica;Não vinculado
D508;Outras anemias por deficiência de ferro;Não vinculado
D509;Anemia por deficiência de ferro não especificada;CR Neoplasias Hematológicas
D51;Anemia por deficiência de vitamina B12;Não vinculado
D510;Anemia por deficiência de vitamina B12 devida à deficiência de fator intrínseco;Não vinculado
D511;Anemia por deficiência de vitamina B12 devida à má-absorção seletiva de vitamina B12 com proteinúria;Não vinculado
D512;Deficiência de transcobalamina II;Não vinculado
D513;Outras anemias por deficiência de vitamina B12 na dieta;Não vinculado
D518;Outras anemias por deficiência de vitamina B12;Não vinculado
D519;Anemia por deficiência de vitamina B12 não especificada;Não vinculado
D52;Anemia por deficiência de folato;Não vinculado
D520;Anemia por deficiência de folato na dieta;Não vinculado
D521;Anemia por deficiência de folato induzida por drogas;Não vinculado
D528;Outras anemias por deficiência de folato;Não vinculado
D529;Anemia por deficiência de folato não especificada;Não vinculado
D53;Outras anemias nutricionais;Não vinculado
D530;Anemia por deficiência de proteínas;Não vinculado
D531;Outras anemias megaloblásticas não classificadas em outras partes;Não vinculado
D532;Anemia escorbútica;Não vinculado
D538;Outras anemias nutricionais especificadas;Não vinculado
D539;Anemia nutricional não especificada;Não vinculado
D55;Anemia devida a transtornos enzimáticos;Não vinculado
D550;Anemia devida à deficiência de glicose-6-fosfato-desidrogenase [G-6-PD];Não vinculado
D551;Anemia devida a outros transtornos do metabolismo do glutation;Não vinculado
D552;Anemia devida a transtornos das enzimas glicolíticas;Não vinculado
D553;Anemia devida a transtornos do metabolismo de nucleotídios;Não vinculado
D558;Outras anemias devidas a transtornos enzimáticos;Não vinculado
D559;Anemia devida a transtorno enzimático não especificada;Não vinculado
D56;Talassemia;CR Neoplasias Hematológicas
D560;Talassemia alfa;CR Neoplasias Hematológicas
D561;Talassemia beta;CR Neoplasias Hematológicas
D562;Talassemia delta-beta;CR Neoplasias Hematológicas
D563;Estigma talassêmico;CR Neoplasias Hematológicas
D564;Persistência hereditária de hemoglobina fetal;CR Neoplasias Hematológicas
D568;Outras talassemias;CR Neoplasias Hematológicas
D569;Talassemia não especificada;CR Neoplasias Hematológicas
D57;Transtornos falciformes;CR Neoplasias Hematológicas
D570;Anemia falciforme com crise;CR Neoplasias Hematológicas
D571;Anemia falciforme sem crise;CR Neoplasias Hematológicas
D572;Transtornos falciformes heterozigóticos duplos;CR Neoplasias Hematológicas
D573;Estigma falciforme;CR Neoplasias Hematológicas
D578;Outros transtornos falciformes;CR Neoplasias Hematológicas
D58;Outras anemias hemolíticas hereditárias;CR Neoplasias Hematológicas
D580;Esferocitose hereditária;CR Neoplasias Hematológicas
D581;Eliptocitose hereditária;CR Neoplasias Hematológicas
D582;Outras hemoglobinopatias;CR Neoplasias Hematológicas
D588;Outras anemias hemolíticas hereditárias especificadas;CR Neoplasias Hematológicas
D589;Anemia hemolítica hereditária não especificada;CR Neoplasias Hematológicas
D59;Anemia hemolítica adquirida;CR Neoplasias Hematológicas
D590;Anemia hemolítica auto-imune induzida por droga;CR Neoplasias Hematológicas
D591;Outras anemias hemolíticas auto-imunes;CR Neoplasias Hematológicas
D592;Anemia hemolítica não-auto-imune induzida por drogas;CR Neoplasias Hematológicas
D593;Síndrome hemolítico-urêmica;CR Neoplasias Hematológicas
D594;Outras anemias hemolíticas não-autoimunes;CR Neoplasias Hematológicas
D595;Hemoglobinúria paroxística noturna [Marchiafava-Micheli];CR Neoplasias Hematológicas
D596;Hemoglobinúria devida à hemólise por outras causas externas;CR Neoplasias Hematológicas
D598;Outras anemias hemolíticas adquiridas;CR Neoplasias Hematológicas
D599;Anemia hemolítica adquirida não especificada;CR Neoplasias Hematológicas
D60;Aplasia pura da série vermelha, adquirida [eritroblastopenia];CR Neoplasias Hematológicas
D600;Aplasia pura adquirida crônica da série vermelha;CR Neoplasias Hematológicas
D601;Aplasia pura adquirida transitória da série vermelha;CR Neoplasias Hematológicas
D608;Outras aplasias puras adquiridas da série vermelha;CR Neoplasias Hematológicas
D609;Aplasia pura adquirida, não especificada, da série vermelha;CR Neoplasias Hematológicas
D61;Outras anemias aplásticas;CR Neoplasias Hematológicas
D610;Anemia aplástica constitucional;CR Neoplasias Hematológicas
D611;Anemia aplástica induzida por drogas;CR Neoplasias Hematológicas
D612;Anemia aplástica devida a outros agentes externos;CR Neoplasias Hematológicas
D613;Anemia aplástica idiopática;CR Neoplasias Hematológicas
D618;Outras anemias aplásticas especificadas;CR Neoplasias Hematológicas
D619;Anemia aplástica não especificada;CR Neoplasias Hematológicas
D62;Anemia aguda pós-hemorrágica;Não vinculado
D63;Anemia em doenças crônicas classificadas em outra parte;Não vinculado
D630;Anemia em neoplasias;Não vinculado
D638;Anemia em outras doenças classificadas em outra parte;CR Neoplasias Hematológicas
D64;Outras anemias;Não vinculado
D640;Anemia sideroblástica hereditária;CR Neoplasias Hematológicas
D641;Anemia sideroblástica secundária a doença;CR Neoplasias Hematológicas
D642;Anemia sideroblástica secundária ao uso de drogas e a toxinas;CR Neoplasias Hematológicas
D643;Outras anemias sideroblásticas;CR Neoplasias Hematológicas
D644;Anemia diseritropoética congênita;CR Neoplasias Hematológicas
D648;Outras anemias especificadas;Não vinculado
D649;Anemia não especificada;Não vinculado
D65;Coagulação intravascular disseminada [síndrome de desfibrinação];Não vinculado
D66;Deficiência hereditária do fator VIII;CR Neoplasias Hematológicas
D67;Deficiência hereditária do fator IX;CR Neoplasias Hematológicas
D68;Outros defeitos da coagulação;Não vinculado
D680;Doença de Von Willebrand;CR Neoplasias Hematológicas
D681;Deficiência hereditária de fator XI;CR Neoplasias Hematológicas
D682;Deficiência hereditária de outros fatores de coagulação;CR Neoplasias Hematológicas
D683;Transtorno hemorrágico devido a anticoagulantes circulantes;Não vinculado
D684;Deficiência adquirida de fator de coagulação;CR Neoplasias Hematológicas
D688;Outros defeitos especificados da coagulação;CR Neoplasias Hematológicas
D689;Defeito de coagulação não especificado;CR Neoplasias Hematológicas
D69;Púrpura e outras afecções hemorrágicas;Não vinculado
D690;Púrpura alérgica;CR Neoplasias Hematológicas
D691;Defeitos qualitativos das plaquetas;CR Neoplasias Hematológicas
D692;Outras púrpuras não-trombocitopênicas;CR Neoplasias Hematológicas
D693;Púrpura trombocitopênica idiopática;CR Neoplasias Hematológicas
D694;Outra trombocitopenia primária;CR Neoplasias Hematológicas
D695;Trombocitopenia secundária;CR Neoplasias Hematológicas
D696;Trombocitopenia não especificada;CR Neoplasias Hematológicas
D698;Outras afecções hemorrágicas especificadas;CR Neoplasias Hematológicas
D699;Afecção hemorrágica não especificada;CR Neoplasias Hematológicas
D70;Agranulocitose;CR Neoplasias Hematológicas
D71;Transtornos funcionais dos neutrófilos polimorfonucleares;CR Neoplasias Hematológicas
D72;Outros transtornos dos glóbulos brancos;CR Neoplasias Hematológicas
D720;Anomalias genéticas dos leucócitos;CR Neoplasias Hematológicas
D721;Eosinofilia;CR Neoplasias Hematológicas
D728;Outros transtornos especificados dos glóbulos brancos;CR Neoplasias Hematológicas
D729;Transtornos não especificados dos glóbulos brancos;CR Neoplasias Hematológicas
D73;Doenças do baço;CR Tumores do Aparelho Digestivo Alto
D730;Hipoesplenismo;CR Tumores do Aparelho Digestivo Alto
D731;Hiperesplenismo;Não vinculado
D732;Esplenomegalia congestiva crônica;CR Tumores do Aparelho Digestivo Alto
D733;Abscesso do baço;CR Tumores do Aparelho Digestivo Alto
D734;Cisto do baço;CR Tumores do Aparelho Digestivo Alto
D735;Infarto do baço;CR Tumores do Aparelho Digestivo Alto
D738;Outras doenças do baço;CR Tumores do Aparelho Digestivo Alto
D739;Doença não especificada do baço;CR Tumores do Aparelho Digestivo Alto
D74;Metemoglobinemia;CR Neoplasias Hematológicas
D740;Metemoglobinemia congênita;CR Neoplasias Hematológicas
D748;Outras metemoglobinemias;CR Neoplasias Hematológicas
D749;Metemoglobinemia não especificada;CR Neoplasias Hematológicas
D75;Outras doenças do sangue e dos órgãos hematopoéticos;CR Neoplasias Hematológicas
D750;Eritrocitose familiar;CR Neoplasias Hematológicas
D751;Policitemia secundária;CR Neoplasias Hematológicas
D752;Trombocitose essencial;CR Neoplasias Hematológicas
D758;Outras doenças especificadas do sangue e dos órgãos hematopoéticos;CR Neoplasias Hematológicas
D759;Doença não especificada do sangue e dos órgãos hematopoéticos;CR Neoplasias Hematológicas
D76;Algumas doenças que envolvem o tecido linforreticular e o sistema reticulohistiocítico;CR Neoplasias Hematológicas
D760;Histiocitose das células de Langerhans não classificadas em outra parte;CR Neoplasias Hematológicas
D761;Linfohistiocitose hemofagocítica;CR Neoplasias Hematológicas
D762;Síndrome hematofagocítica associada à infecção;CR Neoplasias Hematológicas
D763;Outras síndromes histiocíticas;Não vinculado
D77;Outros transtornos do sangue e dos órgãos hematopoéticos em doenças classificadas em outra parte;CR Neoplasias Hematológicas
D80;Imunodeficiência com predominância de defeitos de anticorpos;CR Neoplasias Hematológicas
D800;Hipogamaglobulinemia hereditária;CR Neoplasias Hematológicas
D801;Hipogamaglobulinemia não familiar;CR Neoplasias Hematológicas
D802;Deficiência seletiva de imunoglobulina A [IgA];CR Neoplasias Hematológicas
D803;Deficiência seletiva de subclasses de imunoglobulina G [IgG];CR Neoplasias Hematológicas
D804;Deficiência seletiva de imunoglobulina M [IgM];CR Neoplasias Hematológicas
D805;Imunodeficiência com aumento de imunoglobulina M [IgM];CR Neoplasias Hematológicas
D806;Deficiência de anticorpos com imunoglobulinas próximas do normal ou com hiperimunoglobulinemia;CR Neoplasias Hematológicas
D807;Hipogamaglobulinemia transitória da infância;CR Neoplasias Hematológicas
D808;Outras imunodeficiências com predominância de defeitos de anticorpos;CR Neoplasias Hematológicas
D809;Imunodeficiência não especificada com predominância de defeitos de anticorpos;CR Neoplasias Hematológicas
D81;Deficiências imunitárias combinadas;CR Neoplasias Hematológicas
D810;Imunodeficiência combinada grave [SCID] com disgenesia reticular;CR Neoplasias Hematológicas
D811;Imunodeficiência combinada grave [SCID] com números baixos de células T e B;CR Neoplasias Hematológicas
D812;Imunodeficiência combinada grave [SCID] com números baixos ou normais de células B;CR Neoplasias Hematológicas
D813;Deficiência de adenosina-deaminase [ADA];CR Neoplasias Hematológicas
D814;Síndrome de Nezelof;CR Neoplasias Hematológicas
D815;Deficiência de purina-nucleosídeo fosforilase [PNP];CR Neoplasias Hematológicas
D816;Deficiência major classe I do complexo de histocompatibilidade;CR Neoplasias Hematológicas
D817;Deficiência major classe II do complexo de histocompatibilidade;CR Neoplasias Hematológicas
D818;Outras deficiências imunitárias combinadas;CR Neoplasias Hematológicas
D819;Deficiências imunitárias combinadas não especificadas;CR Neoplasias Hematológicas
D82;"Imunodeficiência associada com outros defeitos ""major""";CR Neoplasias Hematológicas
D820;Síndrome de Wiskott-Aldrich;CR Neoplasias Hematológicas
D821;Síndrome de Di George;CR Neoplasias Hematológicas
D822;Imunodeficiência com encurtamento de membros;CR Neoplasias Hematológicas
D823;Imunodeficiência que se segue à resposta hereditária defeituosa ao vírus de Epstein-Barr (EB);CR Neoplasias Hematológicas
D824;Síndrome da hiperimunoglobulina E [IgE];CR Neoplasias Hematológicas
D828;"Imunodeficiências associadas com outros defeitos ""major"" especificados";CR Neoplasias Hematológicas
D829;"Imunodeficiência associada com defeitos ""major"" não especificados";CR Neoplasias Hematológicas
D83;Imunodeficiência comum variável;CR Neoplasias Hematológicas
D830;Imunodeficiência comum variável com predominância de anormalidades do número e da função das células B;CR Neoplasias Hematológicas
D831;Imunodeficiência comum variável com predominância de transtornos imunorregulatórios de células T;CR Neoplasias Hematológicas
D832;Imunodeficiência comum variável com auto-anticorpos às células B ou T;CR Neoplasias Hematológicas
D838;Outras imunodeficiências comuns variáveis;CR Neoplasias Hematológicas
D839;Imunodeficiência comum variável não especificada;CR Neoplasias Hematológicas
D84;Outras imunodeficiências;CR Neoplasias Hematológicas
D840;Defeito do antígeno-1 da função de linfócito [LFA-1];CR Neoplasias Hematológicas
D841;Defeitos no sistema complemento;CR Neoplasias Hematológicas
D848;Outras imunodeficiências especificadas;CR Neoplasias Hematológicas
D849;Imunodeficiência não especificada;CR Neoplasias Hematológicas
D86;Sarcoidose;Não vinculado
D860;Sarcoidose do pulmão;CR Tumores do Pulmão e Tórax
D861;Sarcoidose dos gânglios linfáticos;Não Vinculado
D862;Sarcoidose do pulmão com sarcoidose dos gânglios linfáticos;CR Tumores do Pulmão e Tórax
D863;Sarcoidose da pele;CR Tumores Cutâneos
D868;Sarcoidose de outros locais especificados e locais combinados;Não Vinculado
D869;Sarcoidose não especificada;Não Vinculado
D89;Outros transtornos que comprometem o mecanismo imunitário não classificados em outra parte;CR Neoplasias Hematológicas
D890;Hipergamaglobulinemia policlonal;CR Neoplasias Hematológicas
D891;Crioglobulinemia;CR Neoplasias Hematológicas
D892;Hipergamaglobulinemia não especificada;Não vinculado
D898;Outros transtornos especificados que comprometem o mecanismo imunitário não classificados em outra parte;CR Neoplasias Hematológicas
D899;Transtornos não especificados que comprometem o mecanismo imunitário;CR Neoplasias Hematológicas
